{
  "title": "أهلا بك",
  "slogan1": "دعونا نجد الخاص بك",
  "slogan2": "منزل الاحلام",
  "changeLanguage": "تغيير اللغة",
  "addProperty": "إضافة خاصية",
  "findProperty": "البحث عن عقار",
  "filter": "منقي",
  "sort": "فرز",
  "arabic": "العربية",
  "buy": "بيع",
  "rent": "ايجار",
  "country": "دولة",
  "city": "مدينة",
  "area": "المساحة",
  "areaSelect": "منطقة",
  "propertyType": "نوع العقار",
  "selectCountry": "حدد الدولة",
  "selectCity": "اختر مدينة",
  "selectArea": "حدد المنطقة",
  "selectType": "نوع العقار",
  "propertyList": "قائمة الممتلكات",
  "propertyDetails": "تفاصيل اوضح",
  "details": "تفاصيل",
  "type": "النوع",
  "bedroom": "غرف نوم",
  "bathroom": "حمام",
  "price": "السعر",
  "purpose": "الغرض",
  "location": "الموقع",
  "description": "وصف",
  "sortBy": "ترتيب حسب",
  "LowToHigh": "الأسعار من الأدنى إلى الأعلى",
  "HighToLow": "الأسعار من الأعلى إلى الأقل",
  "icon": "assets/images/logoArabic.png",
  "noData": "لاتوجد بيانات",
  "payment": "طريقه الدفع",
  "furnish": "تأثيث",
  "floor": "الطابق",
  "news": "أخبار",
  "agent": "المعلن",
  "flat": "شقة ل",
  "sponsored": "برعاية",
  "language": "اللغة",
  "add": "اضافة عقار",
  "logout": "الخروج",
  "favourite": "المفضلة",
  "search": "بحث",
  "newsDetail": "تفاصيل الخبر",
  "login": "الدخول",
  "latest": "فرز حسب الأحدث",
  "signin": "تسجيل الدخول",
  "signup": "اشتراك",
  "enterEmail": "أدخل بريدك الإلكتروني",
  "enterPassword": "ادخل رقمك السري",
  "loginText": "قم بتسجيل الدخول باستخدام بريدك الإلكتروني وكلمة المرور",
  "already": "ليس لديك حساب؟",
  "already2": "هل لديك حساب؟",
  "register": "تسجيل حساب",
  "complete": "أكمل التفاصيل الخاصة بك",
  "searchProperty": "خاصية البحث",
  "start": "بدأ",
  "call": "اتصل",
  "whatsapp": " واتس اب",
  "email": "ايميل",
  "yearAgo": "منذ سنوات",
  "1yearAgo": "منذ سنة 1",
  "lastYear": "العام الماضي",
  "monthsAgo": "منذ أشهر",
  "1monthAgo": "1 قبل شهر",
  "lastMonth": "الشهر الماضي",
  "weeksAgo": "منذ أسابيع",
  "1weekAgo": "1 قبل أسبوع",
  "lastWeek": "الاسبوع الماضى",
  "daysAgo": "أيام مضت",
  "1dayAgo": "1 منذ يوم",
  "yesterday": "في الامس",
  "hoursAgo": "منذ ساعات",
  "1hourAgo": "منذ 1 ساعة",
  "anHourAgo": "قبل ساعة",
  "minutesAgo": "دقائق مضت",
  "1minuteAgo": "منذ 1 دقيقة",
  "aminuteAgo": "قبل دقيقة",
  "secondsAgo": "منذ ثوانى",
  "justNow": "في هذة اللحظة",
  "serial": "الرقم التسلسلي",
  "all": "الكل",
  "to": "الى",
  "from": "من",
  "privacy": "سياسة الخصوصية و الدعم",
  "myProfile": "ملفي",
  "myAdds": "إعلاناتي",
  "myChat": "رسالة",
  "contactAdmin": "شات مع سوق العقارات",
  "notification": "الاشعارات",
  "approved": "تم اضافته",
  "pending": "تحت المراجعة",
  "rejected": "مرفوض",
  "typeYourMessage": "اكتب رسالتك ...",
  "Notify": "إضافة تنبيه ",
  "myNotifications": "التنبيهأت آلمطلوبه",
  "trending": "الشائع",
  "noPreviousChat": "لا توجد محادثة سابقة",
  "message": "شات",
  "addNotification": "إضافة إخطار",
  "myNotification": "التنبيهات المضافة",
  "notifyNote": "عند اضافة تنبيه سنقوم بتنبيهك عند اضافة عقار جديد في منطقة محددة",
  "ShowDetail": "عرض المزيد من التفاصيل",
  "name": "اسم الاعلان",
  "enterNameA": "أدخل الاسم (عربي)",
  "enterNameE": "أدخل الاسم (انجليزي)",
  "priceA": "السعر (عربي)",
  "priceE": "السعر (انجليزي)",
  "numberOnly": "السعر",
  "serialNo": "رقم تسلسلي",
  "enterSerialNo": "أدخل الرقم التسلسلي (أي رقم)",
  "beds": "غرف نوم",
  "baths": "الحمامات",
  "inMeter": "بالأمتار",
  "descriptionE": "وصف العقار (انجليزي)",
  "descriptionA": "وصف العقار (عربي)",
  "phoneNo": "رقم الهاتف",
  "enterPhoneNo": "أدخل رقم الهاتف",
  "agentName": "اسم العميل",
  "enterAgentNameE": "أدخل الاسم والصفه (انجليزي)",
  "enterAgentNameA": "أدخل الاسم والصفه (عربي)",
  "paymentType": "طريقة الدفع",
  "enterPaymentTypeE": "كاش/تقسيط على … (إنجليزي)",
  "enterPaymentTypeA": "كاش/تقسيط على … (عربي)",
  "furnishing": "مفروش",
  "enterFurnishingE" : "مفروش /غير مفروش (الإنجليزية)",
  "enterFurnishingA" : "مفروش /غير مفروش (عربي)",
  "sponsoredProperty" : "اضافة كعقار مميز \n(شات مع سوق العقارات لدفع التكلفة)\n",
  "lastSeen"  :  "اخر ظهور",
  "areaAdd": "المنطقة"
}