{
  "title": "Welcome",
  "slogan1": "Let's find your",
  "slogan2": "Dream House",
  "favourite": "Favourite",
  "changeLanguage": "Change Language",
  "addProperty": "Add Property",
  "findProperty": "Find Property",
  "filter" : "Filter",
  "sort": "sort",
  "arabic": "العربية",
  "buy": "Buy",
  "rent": "Rent",
  "country": "Country",
  "city": "City",
  "area": "Area",
  "areaSelect":"Area",
  "propertyType": "Property Type",
  "selectCountry": "Select Country",
  "selectCity": "Select City",
  "selectArea": "Select Area",
  "selectType": "Select Type",
  "propertyList": "Property List",
  "propertyDetails": "Property Details",
  "details": "Details",
  "type": "Type",
  "bedroom": "Bedroom",
  "bathroom": "Bathroom",
  "price": "Price",
  "purpose": "Purpose",
  "location": "Location",
  "description": "Description",
  "sortBy": "Sort By",
  "LowToHigh": "Prices Low to High",
  "HighToLow": "Prices High to Low",
  "icon": "assets/images/logoEnglish.png",
  "noData": "No Data Found",
  "payment": "Payment Type",
  "furnish":"Furnishing",
  "floor":"Floor",
  "news":"News",
  "agent":"Agent",
  "flat" : "Flat for",
  "sponsored": "Sponsored",
  "language": "Language",
  "add": "Add",
  "logout": "Logout",
  "search": "Search",
  "newsDetail":"News Detail",
  "login": "Login",
  "latest": "Sort By Latest",
  "signin": "Sign In",
  "signup": "Sign Up",
  "enterEmail": "Enter Your Email",
  "enterPassword": "Enter Your Password",
  "loginText": "Sign in with your email and password",
  "already": "Don't have an account",
  "already2": "Already have an account?",
  "register": "Register Account",
  "complete": "Complete your details",
  "searchProperty": "Search Property",
  "start": "Let's Start",
  "call": "Call",
  "whatsapp": "Whatsapp",
  "email": "Email",
  "yearAgo": "years ago",
  "1yearAgo": "1 year ago",
  "lastYear": "last year",
  "monthsAgo": "months ago",
  "1monthAgo": "1 month ago",
  "lastMonth": "last month",
  "weeksAgo": "weeks ago",
  "1weekAgo": "1 week ago",
  "lastWeek": "last week",
  "daysAgo": "days ago",
  "1dayAgo": "1 day ago",
  "yesterday": "Yesterday",
  "hoursAgo": "hours ago",
  "1hourAgo": "1 hour ago",
  "anHourAgo": "an hour ago",
  "minutesAgo": "minutes ago",
  "1minuteAgo": "1 minute ago",
  "aminuteAgo": "a minute ago",
  "secondsAgo": "seconds ago",
  "justNow": "just now",
  "serail": "Serial",
  "all": "All",
  "to": "To",
  "from": "From",
  "privacy": "Privacy Policy & Support",
  "myProfile" : "My Profile",
  "myAdds" : "My Ads",
  "myChat" : "Messages",
  "contactAdmin" : "Message Property Market",
  "notification" : "Notify",
  "approved" : "Approved",
  "pending" : "Pending",
  "rejected" : "Rejected",
  "typeYourMessage" : "Type your message...",
  "Notify" : "Notify",
  "myNotifications" :  "My Notification",
  "trending" : "Trending",
  "noPreviousChat" : "No Previous Chat",
  "message" : "Chat",
  "addNotification" : "Add Notification",
  "myNotification" : "My Notification",
  "notifyNote" : "Notify Me About The Newly Added Property In Specific Area",
  "ShowDetail" : "Show more Detail",
  "name": "Ad Name",
  "enterNameA": "Enter Name (Arabic)",
  "enterNameE": "Enter Name (English)",
  "priceA": "Price (Arabic)",
  "priceE": "Price (English)",
  "numberOnly": "Price",
  "serialNo": "Serial Number",
  "enterSerialNo": "Enter Serial Number (Any Number)",
  "beds": "Bedrooms",
  "baths": "Bathrooms",
  "inMeter": "In meters",
  "descriptionE": "Property Description (English)",
  "descriptionA": "Property Description (Arabic)",
  "phoneNo": "Phone Number",
  "enterPhoneNo": "Enter Phone Number",
  "agentName": "Agent Name",
  "enterAgentNameE": "Enter Agent Name & role (English)",
  "enterAgentNameA": "Enter Agent Name & role (Arabic)",
  "paymentType": "Payment Type",
  "enterPaymentTypeE": "Cash/Installment (English)",
  "enterPaymentTypeA": "Cash/Installment (Arabic)",
  "furnishing": "Furnishing",
  "enterFurnishingE" : "Furnished/Not Furnished (English)",
  "enterFurnishingA" : "Furnished/Not Furnished (Arabic)",
  "sponsoredProperty" : "Sponsored Property \n(chat with property market to pay the cost)",
  "lastSeen" : "Last Seen",
  "areaAdd": "Area"

}